fish_id,fish_date,tp,ph,do,no2,Nitrogen,H2S
1,2024/7/6 18:35,22.81,5.03,7321,703,NULL,NULL
1,2024/7/6 18:35,22.81,5.03,7249,702,NULL,NULL
1,2024/7/6 18:35,22.81,5.03,7198,700,NULL,NULL
1,2024/7/6 18:35,22.81,5.03,7172,700,NULL,NULL
1,2024/7/6 18:35,22.81,5.03,7120,699,NULL,NULL
1,2024/7/6 18:35,22.81,5.03,7095,702,NULL,NULL
1,2024/7/6 18:35,22.81,5.03,7074,701,NULL,NULL
1,2024/7/6 18:35,22.81,5.03,6971,700,NULL,NULL
1,2024/7/6 18:35,22.81,5.03,6919,699,NULL,NULL
1,2024/7/6 18:36,22.81,5.03,6893,703,NULL,NULL
1,2024/7/6 18:36,22.81,5.04,6873,701,NULL,NULL
1,2024/7/6 18:36,22.75,5.04,6821,699,NULL,NULL
1,2024/7/6 18:36,22.75,5.04,6795,698,NULL,NULL
1,2024/7/6 18:36,22.75,5.04,6770,699,NULL,NULL
1,2024/7/6 18:36,22.75,5.04,6770,700,NULL,NULL
1,2024/7/6 18:36,22.75,5.04,6744,699,NULL,NULL
1,2024/7/6 18:36,22.75,5.04,6744,698,NULL,NULL
1,2024/7/6 18:36,22.75,5.04,6821,698,NULL,NULL
1,2024/7/6 18:36,22.75,5.04,6919,700,NULL,NULL
1,2024/7/6 18:36,22.75,5.04,7022,699,NULL,NULL
1,2024/7/6 18:36,22.75,5.05,7120,697,NULL,NULL
1,2024/7/6 18:36,22.75,5.05,7223,696,NULL,NULL
1,2024/7/6 18:38,22.75,5.08,7373,690,NULL,NULL
1,2024/7/6 18:38,22.75,5.08,7399,688,NULL,NULL
1,2024/7/6 18:38,22.75,5.08,7450,688,NULL,NULL
1,2024/7/6 18:38,22.75,5.08,7450,693,NULL,NULL
1,2024/7/6 18:38,22.75,5.08,7425,689,NULL,NULL
1,2024/7/6 18:38,22.75,5.08,7373,689,NULL,NULL
1,2024/7/6 18:38,22.75,5.09,7347,687,NULL,NULL
1,2024/7/6 18:38,22.75,5.09,7301,690,NULL,NULL
1,2024/7/6 18:38,22.75,5.09,7223,690,NULL,NULL
1,2024/7/6 18:38,22.75,5.09,7120,688,NULL,NULL
1,2024/7/6 18:38,22.75,5.09,7048,687,NULL,NULL
1,2024/7/6 18:38,22.75,5.09,7048,688,NULL,NULL
1,2024/7/6 18:38,22.75,5.09,6919,689,NULL,NULL
1,2024/7/6 21:12,22.94,5.51,4754,406,NULL,NULL
1,2024/7/6 21:12,22.94,5.51,4754,363,NULL,NULL
1,2024/7/6 21:12,22.94,5.51,4728,384,NULL,NULL
1,2024/7/6 21:12,22.88,5.51,4728,417,NULL,NULL
1,2024/7/6 21:13,22.94,5.51,4728,416,NULL,NULL
1,2024/7/6 21:13,22.94,5.51,4707,409,NULL,NULL
1,2024/7/6 21:13,22.94,5.51,4681,358,NULL,NULL
1,2024/7/6 21:13,22.94,5.51,4728,388,NULL,NULL
1,2024/7/6 21:13,22.94,5.51,4707,372,NULL,NULL
1,2024/7/6 21:13,22.94,5.51,4656,415,NULL,NULL
1,2024/7/6 21:13,22.94,5.51,4656,434,NULL,NULL
1,2024/7/6 21:13,22.94,5.51,4707,360,NULL,NULL
1,2024/7/6 21:13,22.94,5.51,4656,415,NULL,NULL
1,2024/7/6 21:13,22.94,5.51,4630,369,NULL,NULL
1,2024/7/11 21:54,16,0,3320,2000,NULL,NULL
1,2024/7/11 21:54,16.19,0.19,3320,20,NULL,NULL
1,2024/7/11 21:55,15.88,0.38,3372,20,NULL,NULL
1,2024/7/11 21:55,15.75,0.57,3320,20,NULL,NULL
1,2024/7/11 21:56,15.94,0.76,3294,19,NULL,NULL
1,2024/7/11 21:56,15.81,0.94,3294,19,NULL,NULL
1,2024/7/11 21:57,16.19,1.13,3346,-41,NULL,NULL
1,2024/7/11 21:57,16.56,1.32,3346,-41,NULL,NULL
1,2024/7/11 21:58,16.38,1.51,3346,-41,NULL,NULL
1,2024/7/11 21:58,16.06,1.7,3372,-42,NULL,NULL
1,2024/7/11 21:59,16.19,1.89,3372,-40,NULL,NULL
1,2024/7/11 21:59,15.81,2.08,3346,-41,NULL,NULL
1,2024/7/11 22:00,16.25,2.26,3346,-42,NULL,NULL
1,2024/7/11 22:00,16.25,2.45,3397,-41,NULL,NULL
1,2024/7/11 22:01,16.38,2.64,3397,-40,NULL,NULL
1,2024/7/11 22:01,16.25,2.83,3423,-40,NULL,NULL
1,2024/7/11 22:02,16.44,3.02,3372,-39,NULL,NULL
1,2024/7/11 22:02,15.94,3.21,3423,-39,NULL,NULL
1,2024/7/11 22:03,16.06,3.4,3397,-39,NULL,NULL
1,2024/7/11 22:03,16.19,3.59,3397,-39,NULL,NULL
1,2024/7/11 22:04,16.25,3.77,3423,-38,NULL,NULL
1,2024/7/11 22:04,16,3.96,3423,-40,NULL,NULL
1,2024/7/11 22:05,16.19,4.15,3397,-39,NULL,NULL
1,2024/7/11 22:05,16,4.34,3423,-39,NULL,NULL
1,2024/7/11 22:06,16.44,4.53,3470,-38,NULL,NULL
1,2024/7/11 22:06,16.19,4.72,3444,-39,NULL,NULL
1,2024/7/11 22:07,16.31,4.91,3444,-38,NULL,NULL
1,2024/7/11 22:07,16,5.1,3423,-38,NULL,NULL
1,2024/7/11 22:08,16.56,5.28,3423,-38,NULL,NULL
1,2024/7/11 22:08,16.63,5.47,3397,-38,NULL,NULL
1,2024/7/11 22:09,16.44,5.66,3423,-38,NULL,NULL
1,2024/7/11 22:09,16.13,5.85,3423,-37,NULL,NULL
1,2024/7/11 22:10,16.56,6.04,3346,-38,NULL,NULL
1,2024/7/11 22:10,16.44,6.23,3346,-36,NULL,NULL
1,2024/7/11 22:11,16.19,6.42,3372,-35,NULL,NULL
1,2024/7/11 22:11,16.38,6.61,3372,-35,NULL,NULL
1,2024/7/11 22:12,16.69,6.8,3372,-35,NULL,NULL
1,2024/7/11 22:12,16.13,6.99,3320,-36,NULL,NULL
1,2024/7/11 22:13,16.19,7.17,3346,-35,NULL,NULL
1,2024/7/11 22:13,16.56,7.17,3320,-35,NULL,NULL
1,2024/7/11 22:14,16.19,7.17,3320,-34,NULL,NULL
1,2024/7/11 22:14,16.06,7.17,3320,-34,NULL,NULL
1,2024/7/11 22:15,16.44,7.17,3294,-34,NULL,NULL
1,2024/7/11 22:15,16.5,7.17,3320,-34,NULL,NULL
1,2024/7/11 22:16,16.25,7.17,3294,-34,NULL,NULL
1,2024/7/11 22:16,16.13,7.17,3320,-35,NULL,NULL
1,2024/7/11 22:17,16.25,7.17,3372,-35,NULL,NULL
1,2024/7/11 22:17,16.06,7.17,3294,-35,NULL,NULL
1,2024/7/11 22:18,16.13,7.18,3320,-36,NULL,NULL
1,2024/7/11 22:18,16.06,7.18,3372,-36,NULL,NULL
1,2024/7/11 22:19,15.63,7.18,3346,-36,NULL,NULL
1,2024/7/11 22:19,16.25,7.18,3346,-37,NULL,NULL
1,2024/7/11 22:20,16.31,7.18,3397,-37,NULL,NULL
1,2024/7/11 22:20,15.69,7.18,3397,-37,NULL,NULL
1,2024/7/11 22:21,16.13,7.18,3444,-37,NULL,NULL
1,2024/7/11 22:21,16.13,7.18,3444,-37,NULL,NULL
1,2024/7/11 22:22,16.19,7.18,3470,-37,NULL,NULL
1,2024/7/11 22:22,15.69,7.18,3495,-37,NULL,NULL
1,2024/7/11 22:23,16.06,7.18,3521,-38,NULL,NULL
1,2024/7/11 22:23,15.75,7.18,3521,-38,NULL,NULL
1,2024/7/11 22:24,16.19,7.18,3470,-38,NULL,NULL
1,2024/7/11 22:24,15.94,7.18,3521,-38,NULL,NULL
1,2024/7/11 22:25,16,7.18,3444,-36,NULL,NULL
1,2024/7/11 22:25,16.06,7.18,3423,-38,NULL,NULL
1,2024/7/11 22:26,15.75,7.18,3470,-38,NULL,NULL
1,2024/7/11 22:26,15.81,7.18,3470,-38,NULL,NULL
1,2024/7/11 22:27,16.13,7.18,3423,-39,NULL,NULL
1,2024/7/11 22:27,16.31,7.18,3444,-38,NULL,NULL
1,2024/7/11 22:28,15.94,7.18,3423,-37,NULL,NULL
1,2024/7/11 22:28,15.88,7.18,3397,-37,NULL,NULL
1,2024/7/11 22:29,15.69,7.18,3372,-39,NULL,NULL
1,2024/7/11 22:29,15.81,7.18,3423,-38,NULL,NULL
1,2024/7/11 22:30,16,7.18,3444,-36,NULL,NULL
1,2024/7/11 22:30,16.13,7.18,3423,-38,NULL,NULL
1,2024/7/11 22:31,16,7.18,3397,-37,NULL,NULL
1,2024/7/11 22:31,16.19,7.18,3372,-37,NULL,NULL
1,2024/7/11 22:32,15.94,7.18,3346,-38,NULL,NULL
1,2024/7/11 22:32,16,7.18,3320,-36,NULL,NULL
1,2024/7/11 22:33,16.13,7.18,3372,-37,NULL,NULL
1,2024/7/11 22:33,15.88,7.18,3372,-36,NULL,NULL
1,2024/7/11 22:34,15.88,7.18,3397,-37,NULL,NULL
1,2024/7/11 22:34,15.88,7.18,3397,-34,NULL,NULL
1,2024/7/11 22:35,15.63,7.18,3397,-37,NULL,NULL
1,2024/7/11 22:35,15.94,7.18,3397,-36,NULL,NULL
1,2024/7/11 22:36,15.69,7.18,3397,-35,NULL,NULL
1,2024/7/11 22:36,15.69,7.18,3444,-35,NULL,NULL
1,2024/7/11 22:37,15.69,7.18,3470,-35,NULL,NULL
1,2024/7/11 22:38,16,7.18,3423,-35,NULL,NULL
1,2024/7/11 22:39,16.06,7.18,3444,-35,NULL,NULL
1,2024/7/11 22:39,16.06,7.18,3397,-35,NULL,NULL
1,2024/7/11 22:40,15.5,7.18,3397,-35,NULL,NULL
1,2024/7/11 22:40,15.75,7.18,3397,-37,NULL,NULL
1,2024/7/11 22:41,15.69,7.18,3397,-34,NULL,NULL
1,2024/7/11 22:41,15.94,7.18,3372,-35,NULL,NULL
1,2024/7/11 22:42,15.75,7.18,3397,-36,NULL,NULL
1,2024/7/11 22:42,15.81,7.18,3372,-36,NULL,NULL
1,2024/7/11 22:43,15.81,7.18,3372,-36,NULL,NULL
1,2024/7/11 22:43,16.06,7.18,3346,-35,NULL,NULL
1,2024/7/11 22:44,15.88,7.18,3320,-35,NULL,NULL
1,2024/7/11 22:44,16,7.18,3346,-37,NULL,NULL
1,2024/7/11 22:45,15.81,7.18,3346,-36,NULL,NULL
1,2024/7/11 22:45,15.81,7.18,3346,-35,NULL,NULL
1,2024/7/11 22:46,16.06,7.18,3397,-35,NULL,NULL
1,2024/7/11 22:46,15.88,7.18,3397,-36,NULL,NULL
1,2024/7/11 22:47,15.31,7.18,3444,-34,NULL,NULL
1,2024/7/11 22:47,15.88,7.18,3521,-34,NULL,NULL
1,2024/7/11 22:48,15.69,7.18,3521,-35,NULL,NULL
1,2024/7/11 22:48,15.69,7.18,3547,-35,NULL,NULL
1,2024/7/11 22:49,15.94,7.18,3547,-36,NULL,NULL
1,2024/7/11 22:49,15.94,7.18,3599,-36,NULL,NULL
1,2024/7/11 22:50,15.81,7.18,3599,-37,NULL,NULL
1,2024/7/11 22:50,15.94,7.18,3599,-36,NULL,NULL
1,2024/7/11 22:51,15.81,7.18,3624,-36,NULL,NULL
1,2024/7/11 22:51,15.75,7.18,3650,-35,NULL,NULL
1,2024/7/11 22:52,15.81,7.18,3624,-35,NULL,NULL
1,2024/7/11 22:52,15.69,7.18,3599,-35,NULL,NULL
1,2024/7/11 22:53,15.81,7.18,3573,-35,NULL,NULL
1,2024/7/11 22:53,15.81,7.18,3624,-35,NULL,NULL
1,2024/7/11 22:54,15.56,7.18,3650,-36,NULL,NULL
1,2024/7/11 22:54,15.81,7.18,3599,-35,NULL,NULL
1,2024/7/11 22:55,16.19,7.18,3671,-34,NULL,NULL
1,2024/7/11 22:55,15.81,7.18,3650,-34,NULL,NULL
1,2024/7/11 22:56,15.94,7.18,3650,-34,NULL,NULL
1,2024/7/11 22:56,15.94,7.18,3671,-35,NULL,NULL
1,2024/7/11 22:57,15.81,7.18,3624,-35,NULL,NULL
1,2024/7/11 22:57,15.69,7.18,3599,-36,NULL,NULL
1,2024/7/11 22:58,15.69,7.18,3624,-36,NULL,NULL
1,2024/7/11 22:58,15.69,7.18,3650,-37,NULL,NULL
1,2024/7/11 22:59,15.75,7.18,3624,-37,NULL,NULL
1,2024/7/11 22:59,15.63,7.18,3573,-36,NULL,NULL
1,2024/7/11 23:00,15.63,7.18,3599,-37,NULL,NULL
1,2024/7/11 23:00,15.5,7.18,3573,-36,NULL,NULL
1,2024/7/11 23:01,15.69,7.18,3573,-37,NULL,NULL
1,2024/7/11 23:01,15.75,7.18,3521,-35,NULL,NULL
1,2024/7/11 23:02,15.69,7.18,3470,-36,NULL,NULL
1,2024/7/11 23:02,15.56,7.18,3470,-36,NULL,NULL
1,2024/7/11 23:03,15.81,7.18,3495,-35,NULL,NULL
1,2024/7/11 23:03,15.69,7.18,3444,-37,NULL,NULL
1,2024/7/11 23:04,15.5,7.18,3444,-36,NULL,NULL
1,2024/7/11 23:04,15.81,7.18,3423,-36,NULL,NULL
1,2024/7/11 23:05,15.63,7.18,3372,-35,NULL,NULL
1,2024/7/11 23:05,15.56,7.18,3423,-36,NULL,NULL
1,2024/7/11 23:06,15.63,7.18,3397,-36,NULL,NULL
1,2024/7/11 23:06,15.44,7.18,3320,-37,NULL,NULL
1,2024/7/11 23:07,15.63,7.18,3397,-36,NULL,NULL
1,2024/7/11 23:07,15.75,7.18,3397,-37,NULL,NULL
1,2024/7/11 23:08,15.75,7.18,3372,-37,NULL,NULL
1,2024/7/11 23:08,15.56,7.18,3346,-38,NULL,NULL
1,2024/7/11 23:09,15.44,7.18,3320,-37,NULL,NULL
1,2024/7/11 23:09,15.56,7.18,3294,-37,NULL,NULL
1,2024/7/11 23:10,15.63,7.18,3320,-37,NULL,NULL
1,2024/7/11 23:10,15.56,7.18,3320,-38,NULL,NULL
1,2024/7/11 23:11,15.44,7.18,3320,-37,NULL,NULL
1,2024/7/11 23:11,15.63,7.18,3320,-38,NULL,NULL
1,2024/7/11 23:12,15.94,7.18,3320,-36,NULL,NULL
1,2024/7/11 23:12,15.75,7.18,3320,-38,NULL,NULL
1,2024/7/11 23:13,15.75,7.18,3320,-36,NULL,NULL
1,2024/7/11 23:13,15.06,7.18,3320,-36,NULL,NULL
1,2024/7/11 23:14,15.69,7.18,3320,-36,NULL,NULL
1,2024/7/11 23:14,15.44,7.18,3320,-36,NULL,NULL
1,2024/7/11 23:15,15.31,7.18,3243,-36,NULL,NULL
1,2024/7/11 23:15,15.63,7.18,3294,-36,NULL,NULL
1,2024/7/11 23:16,15.56,7.18,3320,-35,NULL,NULL
1,2024/7/11 23:16,15.63,7.18,3320,-35,NULL,NULL
1,2024/7/11 23:17,15.13,7.18,3320,-36,NULL,NULL
1,2024/7/11 23:17,14.81,7.18,3397,-36,NULL,NULL
1,2024/7/11 23:18,15.31,7.18,3444,-35,NULL,NULL
1,2024/7/11 23:18,15.63,7.18,3444,-35,NULL,NULL
1,2024/7/11 23:19,15.5,7.18,3470,-37,NULL,NULL
1,2024/7/11 23:19,15,7.18,3444,-35,NULL,NULL
1,2024/7/11 23:20,15.44,7.18,3495,-34,NULL,NULL
1,2024/7/11 23:20,15.19,7.18,3470,-34,NULL,NULL
1,2024/7/11 23:21,15.31,7.18,3470,-35,NULL,NULL
1,2024/7/11 23:21,15.44,7.18,3495,-34,NULL,NULL
1,2024/7/11 23:22,15.38,7.18,3470,-35,NULL,NULL
1,2024/7/11 23:22,15.56,7.18,3470,-35,NULL,NULL
1,2024/7/11 23:23,15.44,7.18,3423,-35,NULL,NULL
1,2024/7/11 23:23,15.56,7.18,3444,-35,NULL,NULL
1,2024/7/11 23:24,15.5,7.18,3423,-36,NULL,NULL
1,2024/7/11 23:24,15.19,7.18,3444,-36,NULL,NULL
1,2024/7/11 23:25,15.81,7.18,3397,-36,NULL,NULL
1,2024/7/11 23:25,15.56,7.18,3397,-35,NULL,NULL
1,2024/7/11 23:26,12.56,7.18,3346,-38,NULL,NULL
1,2024/7/11 23:26,14.13,7.18,3872,-44,NULL,NULL
1,2024/7/11 23:27,13.69,7.18,7574,-36,NULL,NULL
1,2024/7/11 23:27,14.94,7.18,6037,-33,NULL,NULL
1,2024/7/11 23:28,16,7.18,5362,-30,NULL,NULL
1,2024/7/12 13:24,28.06,1.13,10245,-42,NULL,NULL
1,2024/7/12 13:25,27.94,1.31,10245,-45,NULL,NULL
1,2024/7/12 13:25,28,1.5,10219,-46,NULL,NULL
1,2024/7/12 13:36,13.75,0,11678,2000,NULL,NULL
1,2024/7/12 13:36,13.69,0.18,11704,19,NULL,NULL
1,2024/7/12 13:37,13.31,0.36,11426,19,NULL,NULL
1,2024/7/12 13:37,13.56,0.54,11152,18,NULL,NULL
1,2024/7/12 13:38,14.44,0.72,11173,19,NULL,NULL
1,2024/7/12 13:40,13.75,1.26,11101,43,NULL,NULL
1,2024/7/12 13:40,13.81,1.44,10874,53,NULL,NULL
1,2024/7/12 13:41,14.31,1.62,10848,62,NULL,NULL
1,2024/7/12 13:41,14.13,1.8,10951,67,NULL,NULL
1,2024/7/12 13:41,14.19,1.99,10951,73,NULL,NULL
1,2024/7/12 13:42,13.69,2.17,11049,78,NULL,NULL
1,2024/7/12 13:42,13.81,2.35,11199,82,NULL,NULL
1,2024/7/12 13:43,13.75,2.53,11101,85,NULL,NULL
1,2024/7/12 13:43,13.81,2.71,10874,88,NULL,NULL
1,2024/7/12 13:45,13.56,3.25,11101,96,NULL,NULL
1,2024/7/12 13:45,14.06,3.43,11426,98,NULL,NULL
1,2024/7/12 13:46,14.13,3.61,11529,99,NULL,NULL
1,2024/7/12 13:46,14.06,3.79,11302,100,NULL,NULL
1,2024/7/12 13:47,13.88,3.97,11199,103,NULL,NULL
1,2024/7/12 14:04,19.69,0.18,10317,14,NULL,NULL
1,2024/7/12 14:04,20.94,0.36,10570,13,NULL,NULL
1,2024/7/12 14:05,21.06,0.54,10498,14,NULL,NULL
1,2024/7/12 14:05,21.13,0.72,10822,13,NULL,NULL
1,2024/7/12 14:06,20.94,0.9,10771,13,NULL,NULL
1,2024/7/12 14:06,20.13,1.08,10647,23,NULL,NULL
1,2024/7/12 14:07,20.25,1.26,10523,36,NULL,NULL
1,2024/7/12 14:07,21.13,1.44,10544,45,NULL,NULL
1,2024/7/12 14:08,20.75,1.62,10420,53,NULL,NULL
1,2024/7/12 14:08,20.75,1.8,10193,59,NULL,NULL
1,2024/7/12 14:09,20.25,1.98,10193,62,NULL,NULL
1,2024/7/12 14:09,20.13,2.16,10271,66,NULL,NULL
1,2024/7/12 14:10,21.31,2.34,10343,71,NULL,NULL
1,2024/7/12 14:10,20.94,2.52,10271,74,NULL,NULL
1,2024/7/12 14:11,21.13,2.7,10193,77,NULL,NULL
1,2024/7/12 14:11,20.25,2.88,10369,79,NULL,NULL
1,2024/7/12 14:12,21.5,3.06,10621,81,NULL,NULL
1,2024/7/12 14:12,21.38,3.24,10699,84,NULL,NULL
1,2024/7/12 14:13,20.69,3.42,10647,87,NULL,NULL
1,2024/7/12 14:14,21.63,3.78,10570,89,NULL,NULL
1,2024/7/12 14:14,21.38,3.96,10745,91,NULL,NULL
1,2024/7/12 14:15,21.13,4.14,10673,94,NULL,NULL
1,2024/7/12 14:15,21,4.32,10621,94,NULL,NULL
1,2024/7/12 14:16,21.5,4.51,10621,95,NULL,NULL
1,2024/7/12 14:16,22.69,4.69,10570,96,NULL,NULL
1,2024/7/12 14:17,20.56,4.87,10570,98,NULL,NULL
1,2024/7/12 14:17,19.75,5.05,10446,98,NULL,NULL
1,2024/7/12 14:18,20,5.23,10420,98,NULL,NULL
1,2024/7/12 14:18,21.19,5.41,10621,100,NULL,NULL
1,2024/7/12 14:19,20.44,5.59,10472,102,NULL,NULL
1,2024/7/12 14:19,20,5.77,10472,103,NULL,NULL
1,2024/7/12 14:20,20.13,5.95,10446,103,NULL,NULL
1,2024/7/12 14:20,19.19,6.13,10472,103,NULL,NULL
1,2024/7/12 14:21,19.81,6.31,10647,105,NULL,NULL
1,2024/7/12 14:21,20.69,6.49,10699,106,NULL,NULL
1,2024/7/12 14:22,20.5,6.67,10699,106,NULL,NULL
1,2024/7/12 14:22,20.63,6.85,10745,106,NULL,NULL
1,2024/7/12 14:23,21.06,6.85,10745,108,NULL,NULL
1,2024/7/12 14:23,21.44,6.85,10699,109,NULL,NULL
1,2024/7/12 14:24,20.69,6.85,10725,109,NULL,NULL
1,2024/7/12 14:24,19.06,6.85,10725,111,NULL,NULL
1,2024/7/12 14:25,18.69,6.85,10673,111,NULL,NULL
1,2024/7/12 14:25,19.44,6.85,10570,112,NULL,NULL
1,2024/7/12 14:26,18.06,6.85,10647,113,NULL,NULL
1,2024/7/12 14:26,17.19,6.85,10596,112,NULL,NULL
1,2024/7/12 14:27,17,6.85,10395,113,NULL,NULL
1,2024/7/12 14:27,18.38,6.85,10369,116,NULL,NULL
1,2024/7/12 14:28,19.19,6.85,10395,114,NULL,NULL
1,2024/7/12 14:28,18.44,6.85,10420,115,NULL,NULL
1,2024/7/12 14:29,17.81,6.85,10446,115,NULL,NULL
1,2024/7/12 14:29,14.38,6.85,10647,118,NULL,NULL
1,2024/7/12 14:30,14.94,6.85,10771,118,NULL,NULL
1,2024/7/12 14:30,16.13,6.85,10699,117,NULL,NULL
1,2024/7/12 14:31,16.25,6.85,10647,118,NULL,NULL
1,2024/7/12 14:31,16.06,6.85,10771,117,NULL,NULL
1,2024/7/12 14:32,17.19,6.85,10472,119,NULL,NULL
1,2024/7/12 14:32,17.31,6.85,10297,119,NULL,NULL
1,2024/7/12 14:33,16.56,6.85,10116,119,NULL,NULL
1,2024/7/12 14:33,17.31,6.85,9915,119,NULL,NULL
1,2024/7/12 14:34,18.5,6.85,9915,120,NULL,NULL
1,2024/7/12 14:34,18.31,6.85,10168,120,NULL,NULL
1,2024/7/12 14:35,17.06,6.85,10018,119,NULL,NULL
1,2024/7/12 14:35,18.44,6.85,9843,120,NULL,NULL
1,2024/7/12 14:36,18.63,6.85,9817,121,NULL,NULL
1,2024/7/12 14:36,18.13,6.85,9714,121,NULL,NULL
1,2024/7/12 14:37,18,6.85,9688,122,NULL,NULL
1,2024/7/12 14:38,18.38,6.85,9616,121,NULL,NULL
1,2024/7/12 14:38,18.63,6.85,9539,122,NULL,NULL
1,2024/7/12 14:38,17.81,6.85,9513,123,NULL,NULL
1,2024/7/12 14:39,20.31,6.85,9363,123,NULL,NULL
1,2024/7/12 14:39,20.06,6.85,9564,122,NULL,NULL
1,2024/7/12 14:40,19.94,6.85,9941,124,NULL,NULL
1,2024/7/12 14:40,21.5,6.85,10297,125,NULL,NULL
1,2024/7/12 14:41,20.69,6.85,10523,124,NULL,NULL
1,2024/7/12 14:41,19.94,6.85,10498,123,NULL,NULL
1,2024/7/12 14:42,19.94,6.85,10544,124,NULL,NULL
1,2024/7/12 14:42,20.94,6.85,10523,124,NULL,NULL
1,2024/7/12 14:43,20.13,6.85,10395,125,NULL,NULL
1,2024/7/12 14:43,20.5,6.85,10420,125,NULL,NULL
1,2024/7/12 14:44,20.5,6.85,10446,125,NULL,NULL
1,2024/7/12 14:44,20.19,6.86,10498,125,NULL,NULL
1,2024/7/12 14:45,20.5,6.86,10498,126,NULL,NULL
1,2024/7/12 14:45,20.75,6.85,10317,126,NULL,NULL
1,2024/7/12 14:46,20.19,6.86,10142,126,NULL,NULL
1,2024/7/12 14:46,20.94,6.85,9843,127,NULL,NULL
1,2024/7/12 14:47,20.88,6.85,9817,127,NULL,NULL
1,2024/7/12 14:47,21,6.85,9915,127,NULL,NULL
1,2024/7/12 14:48,20.69,6.85,9992,128,NULL,NULL
1,2024/7/12 14:50,20.5,6.86,9539,128,NULL,NULL
1,2024/7/18 15:26,19.31,0,1660,2,NULL,NULL
1,2024/7/18 15:27,19.25,0,1686,2,NULL,NULL
1,2024/7/18 15:27,20.06,0,1711,2,NULL,NULL
1,2024/7/18 15:28,20,0,1686,2,NULL,NULL
1,2024/7/18 15:28,18.94,0,1634,2,NULL,NULL
1,2024/7/18 15:29,19.63,0,1634,33,NULL,NULL
1,2024/7/18 15:29,19.25,0,1634,51,NULL,NULL
1,2024/7/18 15:30,19.56,0,1660,84,NULL,NULL
1,2024/7/18 15:30,19.31,0,1660,84,NULL,NULL
1,2024/7/18 15:31,19.19,0,1634,99,NULL,NULL
1,2024/7/18 15:31,19.44,0,1686,103,NULL,NULL
1,2024/7/18 15:32,19.25,0,1660,109,NULL,NULL
1,2024/7/18 15:32,19.06,0,1660,148,NULL,NULL
1,2024/7/18 15:33,19.44,0,1686,135,NULL,NULL
1,2024/7/18 15:33,19.31,0,1634,127,NULL,NULL
1,2024/7/18 15:34,19.69,0,1711,182,NULL,NULL
1,2024/7/18 15:34,19.25,0,1660,194,NULL,NULL
1,2024/7/18 15:35,19.81,0,1686,192,NULL,NULL
1,2024/7/18 15:35,19.44,0,1634,162,NULL,NULL
1,2024/7/18 15:36,20.13,0,1660,167,NULL,NULL
1,2024/7/18 15:36,19.88,0,1686,224,NULL,NULL
1,2024/7/18 15:37,19.88,0,1634,189,NULL,NULL
1,2024/7/18 15:37,19.38,0,1608,206,NULL,NULL
1,2024/7/18 15:38,18.94,0,1887,271,NULL,NULL
1,2024/7/18 15:38,19.94,0,1660,144,NULL,NULL
1,2024/7/18 15:39,19.94,0,1711,194,NULL,NULL
1,2024/7/18 15:39,19.69,0,1634,153,NULL,NULL
1,2024/7/18 15:40,19.13,0,1660,151,NULL,NULL
1,2024/7/18 15:40,19.31,0,1634,213,NULL,NULL
1,2024/7/18 15:41,19.94,0,1634,151,NULL,NULL
1,2024/7/18 15:41,19.31,0,1634,182,NULL,NULL
1,2024/7/18 15:42,19.5,0,1634,175,NULL,NULL
1,2024/7/18 15:42,19.75,0,1608,167,NULL,NULL
1,2024/7/18 15:43,19.81,0,1634,241,NULL,NULL
1,2024/7/18 15:43,19.94,0,1634,166,NULL,NULL
1,2024/7/18 15:44,19.31,0,1608,211,NULL,NULL
1,2024/7/18 15:44,19.38,0,1634,183,NULL,NULL
1,2024/7/18 15:45,20.19,0,1608,216,NULL,NULL
1,2024/7/18 15:45,19.69,0,1686,230,NULL,NULL
1,2024/7/18 15:46,19.88,0,1634,178,NULL,NULL
1,2024/7/18 15:46,19.25,0,1686,250,NULL,NULL
1,2024/7/18 15:47,19.5,0,1686,193,NULL,NULL
1,2024/7/18 15:47,19.88,0,1582,194,NULL,NULL
1,2024/7/18 15:48,19.5,0,1634,234,NULL,NULL
1,2024/7/18 15:48,19.69,0,1660,194,NULL,NULL
1,2024/7/18 15:49,19,0,1608,247,NULL,NULL
1,2024/7/18 15:49,19.81,0,1660,219,NULL,NULL
1,2024/7/18 15:50,19.69,0,1660,210,NULL,NULL
1,2024/7/18 15:50,19.38,0,1686,226,NULL,NULL
1,2024/7/18 15:51,19.63,0,1660,199,NULL,NULL
1,2024/7/18 15:51,20.13,0,1582,240,NULL,NULL
1,2024/7/18 15:52,19.63,0,1634,188,NULL,NULL
1,2024/7/18 15:52,20,0,1608,192,NULL,NULL
1,2024/7/18 15:53,19.5,0,1634,253,NULL,NULL
1,2024/7/18 15:53,19.56,0,1304,203,NULL,NULL
1,2024/7/18 15:54,19.75,0,1686,248,NULL,NULL
1,2024/7/18 15:54,20.19,0,1634,187,NULL,NULL
1,2024/7/18 15:55,19.69,0,1660,177,NULL,NULL
1,2024/7/18 15:55,19.63,0,1608,179,NULL,NULL
1,2024/7/18 15:56,20,0,1634,222,NULL,NULL
1,2024/7/18 15:56,20,0,1660,236,NULL,NULL
1,2024/7/18 15:57,20.31,0,1660,214,NULL,NULL
1,2024/7/18 15:57,20,0,1608,251,NULL,NULL
1,2024/7/18 15:58,20,0,1531,219,NULL,NULL
1,2024/7/18 15:58,20.38,0,1660,216,NULL,NULL
1,2024/7/18 15:59,19.88,0,1660,238,NULL,NULL
1,2024/7/18 15:59,19.94,0,1634,223,NULL,NULL
1,2024/7/18 16:00,19.94,0,1660,259,NULL,NULL
1,2024/7/18 16:00,19.94,0,1660,244,NULL,NULL
1,2024/7/18 16:01,20.06,0,1634,225,NULL,NULL
1,2024/7/18 16:01,19.69,0,1634,231,NULL,NULL
1,2024/7/18 16:02,19.31,0,1634,209,NULL,NULL
1,2024/7/18 16:18,30.06,0,1531,2000,NULL,NULL
1,2024/7/18 16:18,29.75,0.16,1505,32,NULL,NULL
1,2024/7/18 16:19,29.94,0.32,1557,33,NULL,NULL
1,2024/7/18 16:19,29.81,0.48,1531,32,NULL,NULL
1,2024/7/18 16:20,29.81,0.64,1531,33,NULL,NULL
1,2024/7/18 16:20,29.81,0.8,1531,32,NULL,NULL
1,2024/7/18 16:21,29.63,0.97,1557,39,NULL,NULL
1,2024/7/18 16:21,28.94,1.13,1531,62,NULL,NULL
1,2024/7/18 16:22,29.31,1.29,1531,68,NULL,NULL
1,2024/7/18 16:22,30.94,1.45,1531,84,NULL,NULL
1,2024/7/18 16:23,27.25,1.61,1557,91,NULL,NULL
1,2024/7/18 16:23,27,1.77,1557,103,NULL,NULL
1,2024/7/18 16:24,27.25,1.93,1531,111,NULL,NULL
1,2024/7/18 16:24,27.31,2.09,1531,112,NULL,NULL
1,2024/7/18 16:25,25.56,2.25,1531,123,NULL,NULL
1,2024/7/18 16:25,23.31,2.42,1531,124,NULL,NULL
1,2024/7/18 16:26,23.19,2.58,1531,123,NULL,NULL
1,2024/7/18 16:26,22.19,2.74,1531,127,NULL,NULL
1,2024/7/18 16:27,22.69,2.9,1505,129,NULL,NULL
1,2024/7/18 16:27,22.06,3.06,1531,132,NULL,NULL
1,2024/7/18 16:28,23.5,3.22,1531,133,NULL,NULL
1,2024/7/18 16:28,22.31,3.39,1531,145,NULL,NULL
1,2024/7/18 16:29,22.69,3.55,1531,141,NULL,NULL
1,2024/7/18 16:29,21.81,3.71,1505,144,NULL,NULL
1,2024/7/18 16:30,22.5,3.87,1531,146,NULL,NULL
1,2024/7/18 16:30,23,4.04,1531,146,NULL,NULL
1,2024/7/18 16:31,22.31,4.2,1531,149,NULL,NULL
1,2024/7/18 16:31,22.56,4.36,1505,152,NULL,NULL
1,2024/7/18 16:32,23.81,4.52,1531,154,NULL,NULL
1,2024/7/18 16:32,23.44,4.68,1531,162,NULL,NULL
1,2024/7/18 16:33,23.38,4.84,1505,160,NULL,NULL
1,2024/7/18 16:33,22.75,5.01,1531,166,NULL,NULL
1,2024/7/18 16:34,23.31,5.17,1531,176,NULL,NULL
1,2024/7/18 16:34,23.44,5.33,1505,170,NULL,NULL
1,2024/7/18 16:35,23.31,5.49,1505,176,NULL,NULL
1,2024/7/18 16:35,21.5,5.65,1505,172,NULL,NULL
1,2024/7/18 16:36,23.56,5.81,1505,169,NULL,NULL
1,2024/7/18 16:36,23.13,5.97,1505,175,NULL,NULL
1,2024/7/18 16:37,22.81,6.13,1485,181,NULL,NULL
1,2024/7/18 16:37,22.94,6.13,1485,175,NULL,NULL
1,2024/7/18 16:38,22.81,6.13,1485,181,NULL,NULL
1,2024/7/18 16:38,23.63,6.13,1485,179,NULL,NULL
1,2024/7/18 16:39,23.69,6.13,1485,176,NULL,NULL
1,2024/7/18 16:39,23.63,6.13,1485,172,NULL,NULL
1,2024/7/18 16:40,23.06,6.13,1485,174,NULL,NULL
1,2024/7/18 16:40,23.44,6.14,1505,173,NULL,NULL
1,2024/7/18 16:41,23.31,6.14,1505,173,NULL,NULL
1,2024/7/18 16:41,23.06,6.14,1485,182,NULL,NULL
1,2024/7/18 16:42,23.94,6.14,1485,187,NULL,NULL
1,2024/7/18 16:42,23.63,6.14,1485,179,NULL,NULL
1,2024/7/18 16:43,23.44,6.14,1505,187,NULL,NULL
1,2024/7/18 16:43,23.94,6.14,1505,192,NULL,NULL
1,2024/7/18 16:44,23.81,6.14,1485,198,NULL,NULL
1,2024/7/18 16:44,23.75,6.14,1505,197,NULL,NULL
1,2024/7/18 16:45,23.69,6.14,1505,195,NULL,NULL
1,2024/7/18 16:45,23.63,6.13,1505,199,NULL,NULL
1,2024/7/18 16:46,23.63,6.13,1485,190,NULL,NULL
1,2024/7/18 16:46,23.5,6.13,1485,192,NULL,NULL
1,2024/7/18 16:47,23.44,6.13,1505,191,NULL,NULL
1,2024/7/18 16:47,23.69,6.13,1485,196,NULL,NULL
1,2024/7/18 16:48,23.94,6.13,1485,206,NULL,NULL
1,2024/7/18 16:48,23.56,6.13,1485,206,NULL,NULL
1,2024/7/18 16:49,24,6.12,1485,205,NULL,NULL
1,2024/7/18 16:49,23.88,6.12,1485,199,NULL,NULL
1,2024/7/18 16:50,24.44,6.12,1485,200,NULL,NULL
1,2024/7/18 16:50,23.75,6.12,1485,201,NULL,NULL
1,2024/7/18 16:51,23.88,6.12,1485,204,NULL,NULL
1,2024/7/18 16:51,24.44,6.12,1459,200,NULL,NULL
1,2024/7/18 16:52,24.25,6.12,1505,206,NULL,NULL
1,2024/7/18 16:52,24.19,6.11,1459,200,NULL,NULL
1,2024/7/18 16:53,24.06,6.11,1485,203,NULL,NULL
1,2024/7/18 16:53,23.88,6.11,1485,199,NULL,NULL
1,2024/7/18 16:54,24.25,6.11,1459,206,NULL,NULL
1,2024/7/18 16:54,24.81,6.11,1459,210,NULL,NULL
1,2024/7/18 16:55,24.44,6.11,1485,212,NULL,NULL
1,2024/7/18 16:55,24.44,6.11,1485,206,NULL,NULL
1,2024/7/18 16:56,24.81,6.11,1485,201,NULL,NULL
1,2024/7/18 16:56,24.5,6.11,1485,215,NULL,NULL
1,2024/7/18 16:57,23.94,6.11,1459,215,NULL,NULL
1,2024/7/18 16:57,24.19,6.11,1485,207,NULL,NULL
1,2024/7/18 16:58,24.44,6.11,1485,216,NULL,NULL
1,2024/7/18 16:58,24.81,6.11,1459,211,NULL,NULL
1,2024/7/18 16:59,24.44,6.11,1485,212,NULL,NULL
1,2024/7/18 16:59,24.19,6.11,1459,220,NULL,NULL
1,2024/7/18 17:00,24.19,6.11,1485,214,NULL,NULL
1,2024/7/18 17:00,24.38,6.1,1485,220,NULL,NULL
1,2024/7/18 17:01,25.13,6.1,1485,221,NULL,NULL
1,2024/7/18 17:01,24.13,6.1,1485,223,NULL,NULL
1,2024/7/18 17:02,25.5,6.1,1485,221,NULL,NULL
1,2024/7/18 17:02,24.63,6.1,1485,225,NULL,NULL
1,2024/7/18 17:03,25.19,6.09,1485,231,NULL,NULL
1,2024/7/18 17:03,24.13,6.09,1485,229,NULL,NULL
1,2024/7/18 17:04,24.38,6.09,1459,225,NULL,NULL
1,2024/7/18 17:04,25.13,6.09,1485,222,NULL,NULL
1,2024/7/18 17:05,23.75,6.09,1485,229,NULL,NULL
1,2024/7/18 17:05,21.75,6.09,1459,233,NULL,NULL
1,2024/7/18 17:06,21.69,6.09,1459,232,NULL,NULL
1,2024/7/18 17:06,20.69,6.08,1485,230,NULL,NULL
1,2024/7/18 17:07,23,6.08,1459,222,NULL,NULL
1,2024/7/18 17:07,27.31,6.08,1459,229,NULL,NULL
1,2024/7/18 17:08,27.56,6.08,1459,236,NULL,NULL
1,2024/7/18 17:08,27.94,6.08,1459,230,NULL,NULL
1,2024/7/18 17:09,28.25,6.08,1485,227,NULL,NULL
1,2024/7/18 17:09,28,6.08,1459,222,NULL,NULL
1,2024/7/18 17:10,27.5,6.08,1485,216,NULL,NULL
1,2024/7/18 17:10,27.94,6.08,1485,216,NULL,NULL
1,2024/7/18 17:11,27.63,6.08,1485,219,NULL,NULL
1,2024/7/18 17:11,28.06,6.08,1485,224,NULL,NULL
1,2024/7/18 17:12,27.81,6.08,1459,219,NULL,NULL
1,2024/7/18 17:12,27.94,6.08,1485,215,NULL,NULL
1,2024/7/18 17:13,27.88,6.08,1485,224,NULL,NULL
1,2024/7/18 17:13,27.88,6.08,1485,215,NULL,NULL
1,2024/7/18 17:14,28.13,6.08,1485,218,NULL,NULL
1,2024/7/18 17:14,27.88,6.08,1485,212,NULL,NULL
1,2024/7/18 17:15,27.94,6.08,1459,221,NULL,NULL
1,2024/7/18 17:15,28.19,6.08,1485,226,NULL,NULL
1,2024/7/18 17:16,27.5,6.08,1459,223,NULL,NULL
1,2024/7/18 17:16,27.88,6.08,1459,221,NULL,NULL
1,2024/7/18 17:17,27.75,6.09,1485,216,NULL,NULL
1,2024/7/18 17:17,26.75,6.09,1485,218,NULL,NULL
1,2024/7/18 17:18,27.94,6.09,1459,219,NULL,NULL
1,2024/7/18 17:18,27.63,6.09,1459,220,NULL,NULL
1,2024/7/18 17:19,27.44,6.09,1459,229,NULL,NULL
1,2024/7/18 17:19,27.81,6.09,1433,220,NULL,NULL
1,2024/7/18 17:20,28.13,6.09,1459,220,NULL,NULL
1,2024/7/18 17:20,27.81,6.09,1459,229,NULL,NULL
1,2024/7/18 17:21,28.06,6.09,1433,230,NULL,NULL
1,2024/7/18 17:21,28.81,6.09,1433,225,NULL,NULL
1,2024/7/18 17:22,29.44,6.09,1485,222,NULL,NULL
1,2024/7/18 17:22,28.81,6.09,1459,223,NULL,NULL
1,2024/7/18 17:23,29.06,6.1,1433,226,NULL,NULL
1,2024/7/18 17:23,28.88,6.1,1433,231,NULL,NULL
1,2024/7/18 17:24,28.63,6.1,1459,233,NULL,NULL
1,2024/7/18 17:24,29.25,6.1,1433,234,NULL,NULL
1,2024/7/18 17:25,29.31,6.1,1407,236,NULL,NULL
1,2024/7/18 17:25,29.13,6.1,1433,236,NULL,NULL
1,2024/7/18 17:26,29.13,6.1,1433,231,NULL,NULL
1,2024/7/18 17:26,29.5,6.1,1433,233,NULL,NULL
1,2024/7/18 17:27,29.06,6.1,1433,230,NULL,NULL
1,2024/7/18 17:27,29.31,6.1,1459,225,NULL,NULL
1,2024/7/18 17:28,29.25,6.1,1433,222,NULL,NULL
1,2024/7/18 17:28,29.69,6.11,1459,227,NULL,NULL
1,2024/7/18 17:29,29.13,6.11,1433,229,NULL,NULL
1,2024/7/18 17:29,28.88,6.11,1433,238,NULL,NULL
1,2024/7/31 16:19,2.81,0,1505,2000,NULL,NULL
1,2024/7/31 16:19,2.69,0.16,1505,-41,NULL,NULL
1,2024/7/31 16:20,1.94,0.33,1505,-41,NULL,NULL
1,2024/7/31 16:20,2.69,0.49,1485,-42,NULL,NULL
1,2024/7/31 16:21,1.06,0.65,1485,-41,NULL,NULL
1,2024/7/31 16:21,2.31,0.81,1485,-41,NULL,NULL
1,2024/7/31 16:22,2.56,0.98,1485,50,NULL,NULL
1,2024/7/31 16:22,1.56,1.14,1485,78,NULL,NULL
1,2024/7/31 16:23,3,1.14,1485,96,NULL,NULL
1,2024/7/31 16:23,2.63,1.47,1485,109,NULL,NULL
1,2024/7/31 16:24,2.13,1.63,1485,121,NULL,NULL
1,2024/7/31 16:24,2.25,1.79,1433,129,NULL,NULL
1,2024/7/31 16:25,1.94,1.95,1485,146,NULL,NULL
1,2024/7/31 16:25,2.56,2.12,1485,147,NULL,NULL
1,2024/7/31 16:26,2,2.28,1505,147,NULL,NULL
1,2024/7/31 16:26,2.06,2.44,1459,155,NULL,NULL
1,2024/7/31 16:27,1.56,2.61,1485,157,NULL,NULL
1,2024/7/31 16:27,2.13,2.77,1459,162,NULL,NULL
1,2024/7/31 16:28,1.31,2.93,1485,168,NULL,NULL
1,2024/7/31 16:28,2.19,3.1,1459,173,NULL,NULL
1,2024/7/31 16:29,1.81,3.26,1459,175,NULL,NULL
1,2024/7/31 16:29,2.44,3.42,1459,178,NULL,NULL
1,2024/7/31 16:30,3.63,3.59,1459,182,NULL,NULL
1,2024/7/31 16:30,2.69,3.75,1485,187,NULL,NULL
1,2024/7/31 16:31,1.69,3.91,1459,188,NULL,NULL
1,2024/7/31 16:31,1.88,4.07,1485,188,NULL,NULL
1,2024/7/31 16:32,2.56,4.24,1485,197,NULL,NULL
1,2024/7/31 16:32,2.31,4.4,1459,193,NULL,NULL
1,2024/7/31 16:33,2.5,4.56,1433,196,NULL,NULL
1,2024/7/31 16:33,2.44,4.72,1459,195,NULL,NULL
1,2024/7/31 16:34,2.06,4.89,1459,204,NULL,NULL
1,2024/7/31 16:34,2.94,5.05,1485,207,NULL,NULL
1,2024/7/31 16:35,2.56,5.21,1459,205,NULL,NULL
1,2024/7/31 16:35,2.69,3.37,1459,209,NULL,NULL
1,2024/7/31 16:36,2.69,5.54,1459,213,NULL,NULL
1,2024/7/31 16:36,2.75,5.7,1459,216,NULL,NULL
1,2024/7/31 16:37,2.88,5.86,1485,204,NULL,NULL
1,2024/7/31 16:37,1.94,6.02,1459,206,NULL,NULL
1,2024/7/31 16:38,1.94,6.19,1459,208,NULL,NULL
1,2024/7/31 16:38,2,6.19,1459,215,NULL,NULL
1,2024/7/31 16:39,2.63,6.19,1433,214,NULL,NULL
1,2024/7/31 16:39,2.88,6.19,1433,218,NULL,NULL
1,2024/7/31 16:40,2.25,6.18,1433,216,NULL,NULL
1,2024/7/31 16:40,2.56,6.18,1505,221,NULL,NULL
1,2024/7/31 16:41,2.38,6.18,1459,225,NULL,NULL
1,2024/7/31 16:41,2.13,6.18,1485,223,NULL,NULL
1,2024/7/31 16:42,1.31,6.18,1433,219,NULL,NULL
1,2024/7/31 16:42,1.94,6.18,1459,219,NULL,NULL
1,2024/7/31 16:43,2.5,6.18,1459,226,NULL,NULL
1,2024/7/31 16:43,2.44,6.18,1459,226,NULL,NULL
1,2024/7/31 16:44,0.88,6.18,1459,223,NULL,NULL
1,2024/7/31 16:44,1.69,6.18,1861,207,NULL,NULL
1,2024/7/31 16:45,3.63,6.18,1505,210,NULL,NULL
1,2024/7/31 16:45,2.25,6.18,1330,207,NULL,NULL
1,2024/7/31 16:46,0.5,6.18,1057,195,NULL,NULL
1,2024/7/31 16:46,5.25,6.18,1232,250,NULL,NULL
1,2024/7/31 16:47,7.75,6.17,1330,331,NULL,NULL
1,2024/7/31 16:47,4.25,6.17,1129,280,NULL,NULL
1,2024/7/31 16:48,10.94,6.16,855,319,NULL,NULL
1,2024/7/31 16:48,15.44,6.13,1206,355,NULL,NULL
1,2024/7/31 16:49,6.31,6.12,1155,353,NULL,NULL
1,2024/7/31 16:49,10.19,6.11,1057,343,NULL,NULL
1,2024/7/31 16:50,10.13,6.1,1031,340,NULL,NULL
1,2024/7/31 16:50,9.81,6.09,1005,337,NULL,NULL
1,2024/7/31 16:51,11.56,6.08,1005,338,NULL,NULL
1,2024/7/31 16:51,6.75,6.07,1031,338,NULL,NULL
1,2024/7/31 16:52,9.44,6.06,1057,340,NULL,NULL
1,2024/7/31 16:52,10.25,6.05,1031,338,NULL,NULL
1,2024/7/31 16:53,6.63,6.04,1031,341,NULL,NULL
1,2024/7/31 16:53,8.06,6.03,1077,344,NULL,NULL
1,2024/7/31 16:54,10,6.02,1077,345,NULL,NULL
1,2024/7/31 16:54,10.94,6.01,1077,351,NULL,NULL
1,2024/7/31 16:55,11.75,5.99,1077,347,NULL,NULL
1,2024/7/31 16:55,12.19,5.98,1103,351,NULL,NULL
1,2024/7/31 16:56,11.31,5.97,1103,350,NULL,NULL
1,2024/7/31 16:56,10.19,5.96,1129,350,NULL,NULL
1,2024/7/31 16:57,4.13,5.95,1103,349,NULL,NULL
1,2024/7/31 16:57,5.38,5.94,1129,353,NULL,NULL
1,2024/7/31 16:58,12.44,5.93,1155,359,NULL,NULL
1,2024/7/31 16:58,11.81,5.91,1155,356,NULL,NULL
1,2024/7/31 16:59,0,5.9,1155,353,NULL,NULL
1,2024/7/31 16:59,14.81,5.89,1155,353,NULL,NULL
1,2024/7/31 17:00,12.13,5.88,1180,357,NULL,NULL
1,2024/7/31 17:00,13.06,5.87,1206,361,NULL,NULL
1,2024/7/31 17:01,13.88,5.86,1206,361,NULL,NULL
1,2024/7/31 17:01,13.06,5.84,1206,360,NULL,NULL
1,2024/7/31 17:02,14.63,5.83,1206,362,NULL,NULL
1,2024/7/31 17:02,14.94,5.82,1232,362,NULL,NULL
1,2024/7/31 17:03,14.81,5.81,1232,362,NULL,NULL
1,2024/7/31 17:03,13.94,5.8,1232,360,NULL,NULL
1,2024/7/31 17:04,15.19,5.78,1258,359,NULL,NULL
1,2024/7/31 17:04,13.69,5.77,1232,363,NULL,NULL
1,2024/7/31 17:05,15.69,5.75,1232,365,NULL,NULL
1,2024/7/31 17:05,16.44,5.75,1232,361,NULL,NULL
1,2024/7/31 17:06,16.06,5.75,1232,366,NULL,NULL
1,2024/7/31 17:06,17.63,5.75,1232,364,NULL,NULL
1,2024/7/31 17:07,16.94,5.74,1206,362,NULL,NULL
1,2024/7/31 17:07,17.06,5.74,1206,362,NULL,NULL
1,2024/7/31 17:08,16.94,5.74,1180,363,NULL,NULL
1,2024/7/31 17:08,16.44,5.74,1206,361,NULL,NULL
1,2024/7/31 17:09,17,5.74,1180,362,NULL,NULL
1,2024/7/31 17:09,17,5.74,1180,363,NULL,NULL
1,2024/7/31 17:10,16.75,5.74,1180,363,NULL,NULL
1,2024/7/31 17:10,14.94,5.74,1155,362,NULL,NULL
1,2024/7/31 17:11,17,5.74,1155,364,NULL,NULL
1,2024/7/31 17:11,17.31,5.74,1180,364,NULL,NULL
1,2024/7/31 17:12,17.38,5.74,1155,362,NULL,NULL
1,2024/7/31 17:12,16.69,5.74,1155,361,NULL,NULL
1,2024/7/31 17:13,17.31,5.74,1155,361,NULL,NULL
1,2024/7/31 17:13,17.38,5.74,1155,361,NULL,NULL
1,2024/7/31 17:14,17.63,5.74,1155,363,NULL,NULL
1,2024/7/31 17:14,17.38,5.74,1155,366,NULL,NULL
1,2024/7/31 17:15,16.63,5.74,1155,367,NULL,NULL
1,2024/7/31 17:15,17.19,5.74,1155,362,NULL,NULL
1,2024/7/31 17:16,17.31,5.74,1129,368,NULL,NULL
1,2024/7/31 17:16,17.13,5.74,1155,363,NULL,NULL
1,2024/7/31 17:17,17.25,5.74,1155,365,NULL,NULL
1,2024/7/31 17:17,16.94,5.74,1155,365,NULL,NULL
1,2024/7/31 17:18,18.38,5.74,1129,368,NULL,NULL
1,2024/7/31 17:18,17.69,5.74,1129,368,NULL,NULL
1,2024/7/31 17:19,17.13,5.74,1103,362,NULL,NULL
1,2024/7/31 17:19,16.13,5.74,1155,365,NULL,NULL
1,2024/7/31 17:20,17,5.74,1155,367,NULL,NULL
1,2024/7/31 17:20,16.75,5.74,1129,370,NULL,NULL
1,2024/7/31 17:21,17.19,5.74,1129,366,NULL,NULL
1,2024/7/31 17:21,16.25,5.74,1155,366,NULL,NULL
1,2024/7/31 17:22,16.38,5.74,1155,366,NULL,NULL
1,2024/7/31 17:22,17.06,5.74,1129,368,NULL,NULL
1,2024/7/31 17:23,16.44,5.74,1155,371,NULL,NULL
1,2024/7/31 17:23,16.13,5.74,1129,371,NULL,NULL
1,2024/7/31 17:24,16.06,5.74,1129,371,NULL,NULL
1,2024/7/31 17:24,17.25,5.74,1155,371,NULL,NULL
1,2024/7/31 17:25,16.63,5.74,1129,370,NULL,NULL
1,2024/7/31 17:25,16.63,5.74,1155,370,NULL,NULL
1,2024/7/31 17:26,15.69,5.74,1155,369,NULL,NULL
1,2024/7/31 17:26,15.94,5.74,1155,367,NULL,NULL
1,2024/7/31 17:27,16.56,5.74,1129,370,NULL,NULL
1,2024/7/31 17:27,14.69,5.75,1129,369,NULL,NULL
1,2024/7/31 17:28,15.5,5.75,1155,370,NULL,NULL
1,2024/7/31 17:28,16.75,5.75,1077,369,NULL,NULL
1,2024/7/31 17:29,17.69,5.75,1180,371,NULL,NULL
1,2024/7/31 17:29,16.38,5.75,1155,371,NULL,NULL
1,2024/7/31 17:30,15.88,5.75,1232,370,NULL,NULL
1,2024/7/31 17:30,6.56,5.75,1180,374,NULL,NULL
1,2024/7/31 17:31,6.88,5.75,1686,418,NULL,NULL
1,2024/7/31 17:31,5.06,5.74,1608,385,NULL,NULL
1,2024/7/31 17:32,3.5,5.74,1557,384,NULL,NULL
1,2024/7/31 17:32,6.75,5.75,1531,384,NULL,NULL
1,2024/7/31 17:33,7.88,5.75,1505,386,NULL,NULL
1,2024/7/31 17:33,7.94,5.75,1505,384,NULL,NULL
1,2024/7/31 17:34,7.63,5.73,1485,382,NULL,NULL
1,2024/7/31 17:34,8.25,5.73,1485,382,NULL,NULL
1,2024/7/31 17:35,8.81,5.73,1459,380,NULL,NULL
1,2024/7/31 17:35,12.75,5.73,1459,379,NULL,NULL
1,2024/7/31 17:36,12.44,5.73,1433,378,NULL,NULL
1,2024/7/31 17:36,12.25,5.73,1433,376,NULL,NULL
1,2024/7/31 17:37,12.13,5.73,1407,379,NULL,NULL
1,2024/7/31 17:37,12.19,5.73,1407,380,NULL,NULL
1,2024/7/31 17:38,12,5.73,1407,376,NULL,NULL
1,2024/7/31 17:38,12.31,5.73,1381,380,NULL,NULL
1,2024/7/31 17:39,12.5,5.73,1381,376,NULL,NULL
1,2024/7/31 17:39,12.25,5.72,1381,376,NULL,NULL
1,2024/7/31 17:40,12.19,5.72,1381,378,NULL,NULL
1,2024/7/31 17:40,13.19,5.72,1356,380,NULL,NULL
1,2024/7/31 17:41,13.38,5.72,1356,382,NULL,NULL
1,2024/7/31 17:41,12.56,5.72,1356,380,NULL,NULL
1,2024/7/31 17:42,13.19,5.72,1381,379,NULL,NULL
1,2024/7/31 17:42,14.81,5.72,1356,387,NULL,NULL
1,2024/7/31 17:43,14.63,5.72,1356,390,NULL,NULL
1,2024/7/31 17:43,15.31,5.71,1356,391,NULL,NULL
1,2024/7/31 17:44,15,5.71,1381,393,NULL,NULL
1,2024/7/31 17:44,14.44,5.71,1356,390,NULL,NULL
1,2024/7/31 17:45,13.13,5.71,1356,389,NULL,NULL
1,2024/7/31 17:45,14.94,5.71,1330,375,NULL,NULL
1,2024/7/31 17:46,14.44,5.71,1330,390,NULL,NULL
1,2024/7/31 17:46,14.19,5.7,1330,390,NULL,NULL
1,2024/7/31 17:47,14.5,5.7,1330,391,NULL,NULL
1,2024/7/31 17:47,14.63,5.7,1330,390,NULL,NULL
1,2024/7/31 17:48,14.56,5.7,1330,388,NULL,NULL
1,2024/7/31 17:48,15.63,5.7,1304,392,NULL,NULL
